user_id,threshold_95p
u_6,0.13333333333333333
u_4,0.15384615384615385
u_1,0.13333333333333333
u_7,0.139463900671451
u_5,0.137022949527938
u_2,0.13495633163535992
u_3,0.13333333333333333
u_9,0.15325087581955865
u_8,0.13333333333333333
u_0,0.14461538461538456
