{"y_test_pos": 896, "meta_raw_mean": 0.20039880343245262, "cal_mean": 0.22400000000000006}