{
  "test_auc": 0.5278086599088734,
  "pr_auc": 0.2452056327582596
}