user_id,user_threshold
u_0,0.10008491676715403
u_1,0.1
u_2,0.13990511969865982
u_3,0.1
u_4,0.1
u_5,0.1
u_6,0.1
u_7,0.1
u_8,0.1
u_9,0.1
